Issue key,Issue id,Parent id,Issue Type,Status,Reporter,Assignee,Component/s,Created,Updated,Summary,Sprint,Remaining Estimate,Original Estimate,Custom field (Link to Feature in Jira Align),Σ Remaining Estimate,Custom field (Flagged)
BSWMDBN2-5279,1501140,1438776,Sub-task,In Progress,ASabadr1@gsm1900.org,ASabadr1@gsm1900.org,BSWMDBN2:DB Techquilla,16/Feb/21 3:03 PM,16/Feb/21 3:55 PM,Write DeepIO PAH Request Implementation,DB Techquilla-21S04 02/10,,,,,
BSWMDBN2-5013,1459345,,Story,Defined,SPamidi7@gsm1900.org,SPamidi7@gsm1900.org,BSWMDBN2:DB Techquilla,04/Feb/21 11:38 AM,15/Feb/21 12:41 AM,Create Swagger for PAH update Event,DB Techquilla-21S04 02/10,86400,86400,,86400,
BSWMDBN2-4863,1438776,,Story,In Progress,AReddy1@gsm1900.org,ASabadr1@gsm1900.org,BSWMDBN2:DB Techquilla,27/Jan/21 11:32 AM,17/Feb/21 9:38 AM,DeepIOOrchestrator - DEEPIO_PAH Event,DB Techquilla-21S04 02/10,115200,144000,,115200,
BSWMDBN2-4795,1433931,,Story,Defined,SMewbuo1@gsm1900.org,HKoppar1@gsm1900.org,BSWMDBN2:DB Techquilla,26/Jan/21 5:45 PM,09/Feb/21 3:45 PM,Mongo DB Event Storage :   Create Shedlock,DB Techquilla-21S04 02/10,86400,86400,,86400,
BSWMDBN2-4786,1430409,,Story,In Progress,SMewbuo1@gsm1900.org,CJarami7@gsm1900.org,BSWMDBN2:DB Techquilla,26/Jan/21 12:01 PM,16/Feb/21 3:02 PM,COMPTEL_ACTIVATE_REQUEST,DB Techquilla-21S04 02/10,7200,144000,,7200,
BSWMDBN2-4606,1385246,,Story,In Progress,SMewbuo1@gsm1900.org,tv568045@ad.sprint.com,BSWMDBN2:DB Techquilla,12/Jan/21 4:32 PM,17/Feb/21 1:00 PM,Create MS code for network-provision-indicator Endpoint,DB Techquilla-21S04 02/10,86400,144000,,86400,
BSWMDBN2-4605,1385236,,Story,In Progress,SMewbuo1@gsm1900.org,xw889417@ad.sprint.com,BSWMDBN2:DB Techquilla,12/Jan/21 4:26 PM,10/Feb/21 4:05 PM,Create Test Cases for network-provision-indicator Endpoint,DB Techquilla-21S04 02/10,72000,144000,,72000,
BSWMDBN2-4451,1347431,,Story,Defined,MDuree1@gsm1900.org,ASabadr1@gsm1900.org,BSWMDBN2:DB Techquilla,30/Dec/20 12:49 PM,16/Feb/21 2:04 PM,DeepIOOrchestrator - DEEPIO_PROVISIONING_STATUS Event,DB Techquilla-21S04 02/10,144000,144000,,144000,Impediment
BSWMDBN2-4450,1347427,,Story,In Progress,MDuree1@gsm1900.org,ASabadr1@gsm1900.org,BSWMDBN2:DB Techquilla,30/Dec/20 12:49 PM,16/Feb/21 11:34 AM,DeepIOOrchestrator - DEEPIO_FINAL_PROVISIONING_STATUS Event,DB Techquilla-21S04 02/10,79200,144000,,79200,
BSWMDBN2-4445,1347051,,Story,Defined,MDuree1@gsm1900.org,MKonank1@gsm1900.org,BSWMDBN2:DB Techquilla,30/Dec/20 12:12 PM,09/Feb/21 3:13 PM,Create Unit Test Cases for call to AMIL API for additional attributes,DB Techquilla-21S04 02/10,144000,144000,,144000,
BSWMDBN2-4444,1347041,,Story,In Progress,MDuree1@gsm1900.org,MKonank1@gsm1900.org,BSWMDBN2:DB Techquilla,30/Dec/20 12:07 PM,17/Feb/21 8:57 PM,Create Unit Tests for Storing AMIL Requests and Replies,DB Techquilla-21S04 02/10,147600,288000,,147600,
BSWMDBN2-4306,1292420,,Story,Dev Complete,SMewbuo1@gsm1900.org,MIraqi1@gsm1900.org,BSWMDBN2:DB Techquilla,15/Dec/20 11:18 AM,12/Feb/21 2:15 PM,Create Unit test for NPE Response API,DB Techquilla-21S04 02/10,79200,108000,,79200,
BSWMDBN2-4305,1292240,,Story,In Progress,SMewbuo1@gsm1900.org,CJarami7@gsm1900.org,BSWMDBN2:DB Techquilla,15/Dec/20 11:12 AM,16/Feb/21 3:03 PM,COMPTEL_DEACTIVATE_REQUEST,DB Techquilla-21S04 02/10,10800,144000,,10800,
BSWMDBN2-4303,1291977,,Story,Defined,SMewbuo1@gsm1900.org,RYadav23@gsm1900.org,BSWMDBN2:DB Techquilla,15/Dec/20 11:02 AM,09/Feb/21 3:45 PM,Create method to call NPE API,DB Techquilla-21S04 02/10,144000,144000,,144000,
BSWMDBN2-4302,1292003,1291487,Sub-task,Done,MDuree1@gsm1900.org,MDuree1@gsm1900.org,BSWMDBN2:DB Techquilla,15/Dec/20 11:01 AM,27/Jan/21 9:23 AM,CLONE - Submit Tickets to Create Production DB,DB Techquilla-21S04 02/10,,,,,
BSWMDBN2-4301,1291099,1291487,Sub-task,Done,MDuree1@gsm1900.org,MDuree1@gsm1900.org,BSWMDBN2:DB Techquilla,15/Dec/20 11:00 AM,27/Jan/21 9:24 AM,Submit Tickets to Create Test DB,DB Techquilla-21S04 02/10,,,,,
BSWMDBN2-4296,1291845,,Story,In Progress,SMewbuo1@gsm1900.org,JOlenho1@gsm1900.org,BSWMDBN2:DB Techquilla,15/Dec/20 10:53 AM,17/Feb/21 3:08 PM,Create Methods for Call to CHUB API,DB Techquilla-21S04 02/10,140400,162000,,140400,
BSWMDBN2-4295,1291823,,Story,In Progress,SMewbuo1@gsm1900.org,JOlenho1@gsm1900.org,BSWMDBN2:DB Techquilla,15/Dec/20 10:51 AM,16/Feb/21 3:27 PM,Create Unit Tests for Call to CHUB API,DB Techquilla-21S04 02/10,43200,144000,,43200,
BSWMDBN2-4292,1291527,,Story,In Progress,SMewbuo1@gsm1900.org,HKoppar1@gsm1900.org,BSWMDBN2:DB Techquilla,15/Dec/20 10:37 AM,09/Feb/21 9:49 AM,Event Orchestrator :   Setup Mock server for Event Orchestrator,DB Techquilla-21S04 02/10,144000,144000,,144000,
BSWMDBN2-4291,1291506,,Story,Withdrawn,SMewbuo1@gsm1900.org,HKoppar1@gsm1900.org,BSWMDBN2:DB Techquilla,15/Dec/20 10:34 AM,26/Jan/21 2:37 PM,Cassandra Event Storage :   Create Unit Test for Cassandra CRUD,DB Techquilla-21S04 02/10,144000,144000,,144000,
BSWMDBN2-4290,1291487,,Story,In Progress,SMewbuo1@gsm1900.org,MDuree1@gsm1900.org,BSWMDBN2:DB Techquilla,15/Dec/20 10:31 AM,15/Feb/21 4:17 PM,EventOrchestrator :   Define Database Schema for Orchastrator events,DB Techquilla-21S04 02/10,45900,57600,,45900,
BSWMDBN2-4288,1291047,,Story,Defined,MDuree1@gsm1900.org,MDuree1@gsm1900.org,BSWMDBN2:DB Techquilla,15/Dec/20 10:28 AM,10/Feb/21 7:26 AM,DBSC saves event Data to Database,DB Techquilla-21S04 02/10,72000,72000,,72000,
BSWMDBN2-4287,1290906,,Story,In Progress,SMewbuo1@gsm1900.org,MDuree1@gsm1900.org,BSWMDBN2:DB Techquilla,15/Dec/20 10:00 AM,17/Feb/21 4:01 PM,Mongo Event Storage :  Create DB Scheme,DB Techquilla-21S04 02/10,12600,115200,,12600,
BSWMDBN2-4284,1290657,,Story,In Progress,SMewbuo1@gsm1900.org,PDurgem1@gsm1900.org,BSWMDBN2:DB Techquilla,15/Dec/20 9:51 AM,16/Feb/21 11:34 AM,Create DEEP.IO Unit Test,DB Techquilla-21S04 02/10,86400,144000,,86400,
